{"train": [5.603090531520993, 5.473099142079565, 5.4319658690270805, 5.403677527026781, 5.374558967958854], "val": [5.475623691082001, 5.412996363639832, 5.400036346912384, 5.376004016399383, 5.365117931365967]}