{"train": [5.293691915258104, 4.959590496033353, 4.84376309745928, 4.749649599389059, 4.645258503856609], "val": [5.039323627948761, 4.892257559299469, 4.832483291625977, 4.761179602146148, 4.682995629310608]}